variant,engine,threads,zipf,read_write_ratio,ops_per_txn,batch_size,exit_code,elapsed_sec,average_commit,average_abort,total_commit,log_path
current,aria,12,0.0,50,10,1024,0,27,581274,16127.7,581274,/work/miyayu/aria_experiment/results/ycsb_aria_matrix/full_20260312_085636/current_aria_p12_t12_k40000_rw50_ops10_bs1024_zipf_0.0.log
current,aria,12,0.0,50,10,2048,0,26,551744,31526.6,551744,/work/miyayu/aria_experiment/results/ycsb_aria_matrix/full_20260312_085636/current_aria_p12_t12_k40000_rw50_ops10_bs2048_zipf_0.0.log
current,aria,12,0.0,50,10,4096,0,27,488406,59638.5,488406,/work/miyayu/aria_experiment/results/ycsb_aria_matrix/full_20260312_085636/current_aria_p12_t12_k40000_rw50_ops10_bs4096_zipf_0.0.log
current,aria,12,0.0,50,100,1024,0,26,9715.8,66777,9715.8,/work/miyayu/aria_experiment/results/ycsb_aria_matrix/full_20260312_085636/current_aria_p12_t12_k40000_rw50_ops100_bs1024_zipf_0.0.log
current,aria,12,0.0,50,100,2048,0,26,4848,72361.6,4848,/work/miyayu/aria_experiment/results/ycsb_aria_matrix/full_20260312_085636/current_aria_p12_t12_k40000_rw50_ops100_bs2048_zipf_0.0.log
current,aria,12,0.0,50,100,4096,0,27,2479.1,76164.1,2479.1,/work/miyayu/aria_experiment/results/ycsb_aria_matrix/full_20260312_085636/current_aria_p12_t12_k40000_rw50_ops100_bs4096_zipf_0.0.log
current,aria,12,0.0,80,10,1024,0,27,811934,3681.4,811934,/work/miyayu/aria_experiment/results/ycsb_aria_matrix/full_20260312_085636/current_aria_p12_t12_k40000_rw80_ops10_bs1024_zipf_0.0.log
current,aria,12,0.0,80,10,2048,0,27,798383,7709.7,798383,/work/miyayu/aria_experiment/results/ycsb_aria_matrix/full_20260312_085636/current_aria_p12_t12_k40000_rw80_ops10_bs2048_zipf_0.0.log
current,aria,12,0.0,80,10,4096,0,27,739815,15897.1,739815,/work/miyayu/aria_experiment/results/ycsb_aria_matrix/full_20260312_085636/current_aria_p12_t12_k40000_rw80_ops10_bs4096_zipf_0.0.log
current,aria,12,0.0,80,100,1024,0,27,40528.6,78767.4,40528.6,/work/miyayu/aria_experiment/results/ycsb_aria_matrix/full_20260312_085636/current_aria_p12_t12_k40000_rw80_ops100_bs1024_zipf_0.0.log
current,aria,12,0.0,80,100,2048,0,26,20738.1,98455.5,20738.1,/work/miyayu/aria_experiment/results/ycsb_aria_matrix/full_20260312_085636/current_aria_p12_t12_k40000_rw80_ops100_bs2048_zipf_0.0.log
current,aria,12,0.0,80,100,4096,0,26,10651.5,111409,10651.5,/work/miyayu/aria_experiment/results/ycsb_aria_matrix/full_20260312_085636/current_aria_p12_t12_k40000_rw80_ops100_bs4096_zipf_0.0.log
current,aria,12,0.2,50,10,1024,0,27,402710,11907.1,402710,/work/miyayu/aria_experiment/results/ycsb_aria_matrix/full_20260312_085636/current_aria_p12_t12_k40000_rw50_ops10_bs1024_zipf_0.2.log
current,aria,12,0.2,50,10,2048,0,27,381854,23445,381854,/work/miyayu/aria_experiment/results/ycsb_aria_matrix/full_20260312_085636/current_aria_p12_t12_k40000_rw50_ops10_bs2048_zipf_0.2.log
current,aria,12,0.2,50,10,4096,0,27,343346,44954.8,343346,/work/miyayu/aria_experiment/results/ycsb_aria_matrix/full_20260312_085636/current_aria_p12_t12_k40000_rw50_ops10_bs4096_zipf_0.2.log
current,aria,12,0.2,50,100,1024,0,26,8584.6,63607.4,8584.6,/work/miyayu/aria_experiment/results/ycsb_aria_matrix/full_20260312_085636/current_aria_p12_t12_k40000_rw50_ops100_bs1024_zipf_0.2.log
current,aria,12,0.2,50,100,2048,0,27,4325.2,68378.8,4325.2,/work/miyayu/aria_experiment/results/ycsb_aria_matrix/full_20260312_085636/current_aria_p12_t12_k40000_rw50_ops100_bs2048_zipf_0.2.log
current,aria,12,0.2,50,100,4096,0,26,2189.7,71947.9,2189.7,/work/miyayu/aria_experiment/results/ycsb_aria_matrix/full_20260312_085636/current_aria_p12_t12_k40000_rw50_ops100_bs4096_zipf_0.2.log
current,aria,12,0.2,80,10,1024,0,27,506246,2477.7,506246,/work/miyayu/aria_experiment/results/ycsb_aria_matrix/full_20260312_085636/current_aria_p12_t12_k40000_rw80_ops10_bs1024_zipf_0.2.log
current,aria,12,0.2,80,10,2048,0,27,502085,5204.5,502085,/work/miyayu/aria_experiment/results/ycsb_aria_matrix/full_20260312_085636/current_aria_p12_t12_k40000_rw80_ops10_bs2048_zipf_0.2.log
current,aria,12,0.2,80,10,4096,0,27,487223,11260.6,487223,/work/miyayu/aria_experiment/results/ycsb_aria_matrix/full_20260312_085636/current_aria_p12_t12_k40000_rw80_ops10_bs4096_zipf_0.2.log
current,aria,12,0.2,80,100,1024,0,26,35091.6,74271.6,35091.6,/work/miyayu/aria_experiment/results/ycsb_aria_matrix/full_20260312_085636/current_aria_p12_t12_k40000_rw80_ops100_bs1024_zipf_0.2.log
current,aria,12,0.2,80,100,2048,0,27,17775.9,90768.1,17775.9,/work/miyayu/aria_experiment/results/ycsb_aria_matrix/full_20260312_085636/current_aria_p12_t12_k40000_rw80_ops100_bs2048_zipf_0.2.log
current,aria,12,0.2,80,100,4096,0,26,9162.7,102248,9162.7,/work/miyayu/aria_experiment/results/ycsb_aria_matrix/full_20260312_085636/current_aria_p12_t12_k40000_rw80_ops100_bs4096_zipf_0.2.log
current,aria,12,0.4,50,10,1024,0,27,395900,18512.3,395900,/work/miyayu/aria_experiment/results/ycsb_aria_matrix/full_20260312_085636/current_aria_p12_t12_k40000_rw50_ops10_bs1024_zipf_0.4.log
current,aria,12,0.4,50,10,2048,0,27,370409,35504.4,370409,/work/miyayu/aria_experiment/results/ycsb_aria_matrix/full_20260312_085636/current_aria_p12_t12_k40000_rw50_ops10_bs2048_zipf_0.4.log
current,aria,12,0.4,50,10,4096,0,27,324215,65314.7,324215,/work/miyayu/aria_experiment/results/ycsb_aria_matrix/full_20260312_085636/current_aria_p12_t12_k40000_rw50_ops10_bs4096_zipf_0.4.log
current,aria,12,0.4,50,100,1024,0,26,5795.1,67216.1,5795.1,/work/miyayu/aria_experiment/results/ycsb_aria_matrix/full_20260312_085636/current_aria_p12_t12_k40000_rw50_ops100_bs1024_zipf_0.4.log
current,aria,12,0.4,50,100,2048,0,26,2905.5,70822.5,2905.5,/work/miyayu/aria_experiment/results/ycsb_aria_matrix/full_20260312_085636/current_aria_p12_t12_k40000_rw50_ops100_bs2048_zipf_0.4.log
current,aria,12,0.4,50,100,4096,0,27,1487.1,73469.7,1487.1,/work/miyayu/aria_experiment/results/ycsb_aria_matrix/full_20260312_085636/current_aria_p12_t12_k40000_rw50_ops100_bs4096_zipf_0.4.log
current,aria,12,0.4,80,10,1024,0,27,511007,4065.1,511007,/work/miyayu/aria_experiment/results/ycsb_aria_matrix/full_20260312_085636/current_aria_p12_t12_k40000_rw80_ops10_bs1024_zipf_0.4.log
current,aria,12,0.4,80,10,2048,0,27,496596,8440.3,496596,/work/miyayu/aria_experiment/results/ycsb_aria_matrix/full_20260312_085636/current_aria_p12_t12_k40000_rw80_ops10_bs2048_zipf_0.4.log
current,aria,12,0.4,80,10,4096,0,27,476058,17919.8,476058,/work/miyayu/aria_experiment/results/ycsb_aria_matrix/full_20260312_085636/current_aria_p12_t12_k40000_rw80_ops10_bs4096_zipf_0.4.log
current,aria,12,0.4,80,100,1024,0,26,24969.2,85930,24969.2,/work/miyayu/aria_experiment/results/ycsb_aria_matrix/full_20260312_085636/current_aria_p12_t12_k40000_rw80_ops100_bs1024_zipf_0.4.log
current,aria,12,0.4,80,100,2048,0,26,12562.3,97824.9,12562.3,/work/miyayu/aria_experiment/results/ycsb_aria_matrix/full_20260312_085636/current_aria_p12_t12_k40000_rw80_ops100_bs2048_zipf_0.4.log
current,aria,12,0.4,80,100,4096,0,27,6424.5,106216,6424.5,/work/miyayu/aria_experiment/results/ycsb_aria_matrix/full_20260312_085636/current_aria_p12_t12_k40000_rw80_ops100_bs4096_zipf_0.4.log
current,aria,12,0.6,50,10,1024,0,27,346239,71860.1,346239,/work/miyayu/aria_experiment/results/ycsb_aria_matrix/full_20260312_085636/current_aria_p12_t12_k40000_rw50_ops10_bs1024_zipf_0.6.log
current,aria,12,0.6,50,10,2048,0,26,303927,110588,303927,/work/miyayu/aria_experiment/results/ycsb_aria_matrix/full_20260312_085636/current_aria_p12_t12_k40000_rw50_ops10_bs2048_zipf_0.6.log
current,aria,12,0.6,50,10,4096,0,27,243766,158052,243766,/work/miyayu/aria_experiment/results/ycsb_aria_matrix/full_20260312_085636/current_aria_p12_t12_k40000_rw50_ops10_bs4096_zipf_0.6.log
current,aria,12,0.6,50,100,1024,0,26,1352.8,73911.2,1352.8,/work/miyayu/aria_experiment/results/ycsb_aria_matrix/full_20260312_085636/current_aria_p12_t12_k40000_rw50_ops100_bs1024_zipf_0.6.log
