zipf,engine,keys,read_write_ratio,ops_per_txn,batch_size,threads,partitions,throughput,total_commit
0.0,ariaer_cache_fix_v2,40000,95,100,10000,12,12,32209.7,32209.7
0.1,ariaer_cache_fix_v2,40000,95,100,10000,12,12,28137,28137
0.2,ariaer_cache_fix_v2,40000,95,100,10000,12,12,27471.6,27471.6
0.3,ariaer_cache_fix_v2,40000,95,100,10000,12,12,25582.4,25582.4
0.4,ariaer_cache_fix_v2,40000,95,100,10000,12,12,22806.7,22806.7
0.5,ariaer_cache_fix_v2,40000,95,100,10000,12,12,19425,19425
0.6,ariaer_cache_fix_v2,40000,95,100,10000,12,12,16674.3,16674.3
0.7,ariaer_cache_fix_v2,40000,95,100,10000,12,12,15189.9,15189.9
0.8,ariaer_cache_fix_v2,40000,95,100,10000,12,12,13906.6,13906.6
0.99,ariaer_cache_fix_v2,40000,95,100,10000,12,12,9084,9084
0.9,ariaer_cache_fix_v2,40000,95,100,10000,12,12,11585.7,11585.7
0.0,ariaer_cache_fix_v2,40000,95,100,1000,12,12,139361,139361
0.1,ariaer_cache_fix_v2,40000,95,100,1000,12,12,122960,122960
0.2,ariaer_cache_fix_v2,40000,95,100,1000,12,12,121311,121311
0.3,ariaer_cache_fix_v2,40000,95,100,1000,12,12,117432,117432
0.4,ariaer_cache_fix_v2,40000,95,100,1000,12,12,108596,108596
0.5,ariaer_cache_fix_v2,40000,95,100,1000,12,12,91108.7,91108.7
0.6,ariaer_cache_fix_v2,40000,95,100,1000,12,12,68267.5,68267.5
0.7,ariaer_cache_fix_v2,40000,95,100,1000,12,12,50025.9,50025.9
0.8,ariaer_cache_fix_v2,40000,95,100,1000,12,12,36209.8,36209.8
0.99,ariaer_cache_fix_v2,40000,95,100,1000,12,12,18109.7,18109.7
0.9,ariaer_cache_fix_v2,40000,95,100,1000,12,12,25421.4,25421.4
0.0,ariaer_cache_fix_v2,40000,95,100,2000,12,12,104283,104283
0.1,ariaer_cache_fix_v2,40000,95,100,2000,12,12,91962.3,91962.3
0.2,ariaer_cache_fix_v2,40000,95,100,2000,12,12,89790.6,89790.6
0.3,ariaer_cache_fix_v2,40000,95,100,2000,12,12,84876.7,84876.7
0.4,ariaer_cache_fix_v2,40000,95,100,2000,12,12,75626.6,75626.6
0.5,ariaer_cache_fix_v2,40000,95,100,2000,12,12,60775.4,60775.4
0.6,ariaer_cache_fix_v2,40000,95,100,2000,12,12,46438.5,46438.5
0.7,ariaer_cache_fix_v2,40000,95,100,2000,12,12,35990.4,35990.4
0.8,ariaer_cache_fix_v2,40000,95,100,2000,12,12,27330.4,27330.4
0.99,ariaer_cache_fix_v2,40000,95,100,2000,12,12,14529.1,14529.1
0.9,ariaer_cache_fix_v2,40000,95,100,2000,12,12,19976.5,19976.5
0.0,ariaer_cache_fix_v2,40000,95,100,3000,12,12,81595.4,81595.4
0.1,ariaer_cache_fix_v2,40000,95,100,3000,12,12,72110,72110
0.2,ariaer_cache_fix_v2,40000,95,100,3000,12,12,69978.5,69978.5
0.3,ariaer_cache_fix_v2,40000,95,100,3000,12,12,65491.3,65491.3
0.4,ariaer_cache_fix_v2,40000,95,100,3000,12,12,57682.4,57682.4
0.5,ariaer_cache_fix_v2,40000,95,100,3000,12,12,46608,46608
0.6,ariaer_cache_fix_v2,40000,95,100,3000,12,12,36478.8,36478.8
0.7,ariaer_cache_fix_v2,40000,95,100,3000,12,12,29182.3,29182.3
0.8,ariaer_cache_fix_v2,40000,95,100,3000,12,12,23277.8,23277.8
0.99,ariaer_cache_fix_v2,40000,95,100,3000,12,12,12886.8,12886.8
0.9,ariaer_cache_fix_v2,40000,95,100,3000,12,12,17416.8,17416.8
0.0,ariaer_cache_fix_v2,40000,95,100,4000,12,12,67192.9,67192.9
0.1,ariaer_cache_fix_v2,40000,95,100,4000,12,12,59125.6,59125.6
0.2,ariaer_cache_fix_v2,40000,95,100,4000,12,12,57178.1,57178.1
0.3,ariaer_cache_fix_v2,40000,95,100,4000,12,12,53265.5,53265.5
0.4,ariaer_cache_fix_v2,40000,95,100,4000,12,12,46777,46777
0.5,ariaer_cache_fix_v2,40000,95,100,4000,12,12,37809,37809
0.6,ariaer_cache_fix_v2,40000,95,100,4000,12,12,30492.8,30492.8
0.7,ariaer_cache_fix_v2,40000,95,100,4000,12,12,25176.3,25176.3
0.8,ariaer_cache_fix_v2,40000,95,100,4000,12,12,20579.2,20579.2
0.99,ariaer_cache_fix_v2,40000,95,100,4000,12,12,11890.7,11890.7
0.9,ariaer_cache_fix_v2,40000,95,100,4000,12,12,15915.9,15915.9
0.0,ariaer_cache_fix_v2,40000,95,100,5000,12,12,56787.1,56787.1
0.1,ariaer_cache_fix_v2,40000,95,100,5000,12,12,50112.6,50112.6
0.2,ariaer_cache_fix_v2,40000,95,100,5000,12,12,48469.5,48469.5
0.3,ariaer_cache_fix_v2,40000,95,100,5000,12,12,44939.9,44939.9
0.4,ariaer_cache_fix_v2,40000,95,100,5000,12,12,39552.2,39552.2
0.5,ariaer_cache_fix_v2,40000,95,100,5000,12,12,32306.7,32306.7
0.6,ariaer_cache_fix_v2,40000,95,100,5000,12,12,26510.3,26510.3
0.7,ariaer_cache_fix_v2,40000,95,100,5000,12,12,22355.5,22355.5
0.8,ariaer_cache_fix_v2,40000,95,100,5000,12,12,18690.7,18690.7
0.99,ariaer_cache_fix_v2,40000,95,100,5000,12,12,11141,11141
0.9,ariaer_cache_fix_v2,40000,95,100,5000,12,12,14759.4,14759.4
0.0,ariaer_cache_fix_v2,40000,95,100,6000,12,12,49265.1,49265.1
0.1,ariaer_cache_fix_v2,40000,95,100,6000,12,12,43224.5,43224.5
0.2,ariaer_cache_fix_v2,40000,95,100,6000,12,12,42035.4,42035.4
0.3,ariaer_cache_fix_v2,40000,95,100,6000,12,12,39048.6,39048.6
0.4,ariaer_cache_fix_v2,40000,95,100,6000,12,12,34342.5,34342.5
0.5,ariaer_cache_fix_v2,40000,95,100,6000,12,12,28346.1,28346.1
0.6,ariaer_cache_fix_v2,40000,95,100,6000,12,12,23447.9,23447.9
0.7,ariaer_cache_fix_v2,40000,95,100,6000,12,12,20214.3,20214.3
0.8,ariaer_cache_fix_v2,40000,95,100,6000,12,12,17320.7,17320.7
0.99,ariaer_cache_fix_v2,40000,95,100,6000,12,12,10609.5,10609.5
0.9,ariaer_cache_fix_v2,40000,95,100,6000,12,12,13842.7,13842.7
0.0,ariaer_cache_fix_v2,40000,95,100,7000,12,12,43370.2,43370.2
0.1,ariaer_cache_fix_v2,40000,95,100,7000,12,12,38105.8,38105.8
0.2,ariaer_cache_fix_v2,40000,95,100,7000,12,12,36753.2,36753.2
0.3,ariaer_cache_fix_v2,40000,95,100,7000,12,12,34466.6,34466.6
0.4,ariaer_cache_fix_v2,40000,95,100,7000,12,12,30323.7,30323.7
0.5,ariaer_cache_fix_v2,40000,95,100,7000,12,12,25393.3,25393.3
0.6,ariaer_cache_fix_v2,40000,95,100,7000,12,12,21232.3,21232.3
0.7,ariaer_cache_fix_v2,40000,95,100,7000,12,12,18657.2,18657.2
0.8,ariaer_cache_fix_v2,40000,95,100,7000,12,12,16224.9,16224.9
0.99,ariaer_cache_fix_v2,40000,95,100,7000,12,12,9540.4,9540.4
0.9,ariaer_cache_fix_v2,40000,95,100,7000,12,12,13053.1,13053.1
0.0,ariaer_cache_fix_v2,40000,95,100,8000,12,12,38907.1,38907.1
0.1,ariaer_cache_fix_v2,40000,95,100,8000,12,12,33900.6,33900.6
0.2,ariaer_cache_fix_v2,40000,95,100,8000,12,12,32997.8,32997.8
0.3,ariaer_cache_fix_v2,40000,95,100,8000,12,12,30749,30749
0.4,ariaer_cache_fix_v2,40000,95,100,8000,12,12,27373.8,27373.8
0.5,ariaer_cache_fix_v2,40000,95,100,8000,12,12,22925.6,22925.6
0.6,ariaer_cache_fix_v2,40000,95,100,8000,12,12,19356.9,19356.9
0.7,ariaer_cache_fix_v2,40000,95,100,8000,12,12,17217.6,17217.6
0.8,ariaer_cache_fix_v2,40000,95,100,8000,12,12,15389.4,15389.4
0.99,ariaer_cache_fix_v2,40000,95,100,8000,12,12,9695.7,9695.7
0.9,ariaer_cache_fix_v2,40000,95,100,8000,12,12,12563.2,12563.2
0.0,ariaer_cache_fix_v2,40000,95,100,9000,12,12,35183.3,35183.3
0.1,ariaer_cache_fix_v2,40000,95,100,9000,12,12,30901,30901
0.2,ariaer_cache_fix_v2,40000,95,100,9000,12,12,29752.9,29752.9
0.3,ariaer_cache_fix_v2,40000,95,100,9000,12,12,27945,27945
0.4,ariaer_cache_fix_v2,40000,95,100,9000,12,12,24789.9,24789.9
0.5,ariaer_cache_fix_v2,40000,95,100,9000,12,12,21020.9,21020.9
0.6,ariaer_cache_fix_v2,40000,95,100,9000,12,12,17850,17850
0.7,ariaer_cache_fix_v2,40000,95,100,9000,12,12,16227.4,16227.4
0.8,ariaer_cache_fix_v2,40000,95,100,9000,12,12,14462.1,14462.1
0.99,ariaer_cache_fix_v2,40000,95,100,9000,12,12,9381.1,9381.1
0.9,ariaer_cache_fix_v2,40000,95,100,9000,12,12,12053.9,12053.9
0.0,aria,40000,95,100,10000,12,12,30027.6,30027.6
0.1,aria,40000,95,100,10000,12,12,25984.4,25984.4
0.2,aria,40000,95,100,10000,12,12,25284.1,25284.1
0.3,aria,40000,95,100,10000,12,12,23574.7,23574.7
0.4,aria,40000,95,100,10000,12,12,20419.4,20419.4
0.5,aria,40000,95,100,10000,12,12,16519,16519
0.6,aria,40000,95,100,10000,12,12,12780.9,12780.9
0.7,aria,40000,95,100,10000,12,12,9698.2,9698.2
0.8,aria,40000,95,100,10000,12,12,7172.9,7172.9
0.99,aria,40000,95,100,10000,12,12,3969.6,3969.6
0.9,aria,40000,95,100,10000,12,12,5191.9,5191.9
0.0,aria,40000,95,100,1000,12,12,139310,139310
0.1,aria,40000,95,100,1000,12,12,123075,123075
0.2,aria,40000,95,100,1000,12,12,121014,121014
0.3,aria,40000,95,100,1000,12,12,117182,117182
0.4,aria,40000,95,100,1000,12,12,108104,108104
0.5,aria,40000,95,100,1000,12,12,89002.6,89002.6
0.6,aria,40000,95,100,1000,12,12,64658.2,64658.2
0.7,aria,40000,95,100,1000,12,12,44036.4,44036.4
0.8,aria,40000,95,100,1000,12,12,28410.2,28410.2
0.99,aria,40000,95,100,1000,12,12,11177.6,11177.6
0.9,aria,40000,95,100,1000,12,12,17344.7,17344.7
0.0,aria,40000,95,100,2000,12,12,102284,102284
0.1,aria,40000,95,100,2000,12,12,90432.2,90432.2
0.2,aria,40000,95,100,2000,12,12,88309.7,88309.7
0.3,aria,40000,95,100,2000,12,12,83422.4,83422.4
0.4,aria,40000,95,100,2000,12,12,72889,72889
0.5,aria,40000,95,100,2000,12,12,57774,57774
0.6,aria,40000,95,100,2000,12,12,41803.5,41803.5
0.7,aria,40000,95,100,2000,12,12,29037.9,29037.9
0.8,aria,40000,95,100,2000,12,12,19067.5,19067.5
0.99,aria,40000,95,100,2000,12,12,8058.8,8058.8
0.9,aria,40000,95,100,2000,12,12,12022.4,12022.4
0.0,aria,40000,95,100,3000,12,12,79631.2,79631.2
0.1,aria,40000,95,100,3000,12,12,70177.5,70177.5
0.2,aria,40000,95,100,3000,12,12,68017.6,68017.6
0.3,aria,40000,95,100,3000,12,12,63268.1,63268.1
0.4,aria,40000,95,100,3000,12,12,55104.4,55104.4
0.5,aria,40000,95,100,3000,12,12,43168.2,43168.2
0.6,aria,40000,95,100,3000,12,12,31639.8,31639.8
0.7,aria,40000,95,100,3000,12,12,22451.3,22451.3
0.8,aria,40000,95,100,3000,12,12,15084.9,15084.9
0.99,aria,40000,95,100,3000,12,12,6674.9,6674.9
0.9,aria,40000,95,100,3000,12,12,9673.8,9673.8
0.0,aria,40000,95,100,4000,12,12,64739.8,64739.8
0.1,aria,40000,95,100,4000,12,12,56774.2,56774.2
0.2,aria,40000,95,100,4000,12,12,54772.9,54772.9
0.3,aria,40000,95,100,4000,12,12,51215,51215
0.4,aria,40000,95,100,4000,12,12,43987.4,43987.4
0.5,aria,40000,95,100,4000,12,12,34718.7,34718.7
0.6,aria,40000,95,100,4000,12,12,25710.7,25710.7
0.7,aria,40000,95,100,4000,12,12,18404,18404
0.8,aria,40000,95,100,4000,12,12,12687.6,12687.6
0.99,aria,40000,95,100,4000,12,12,5905.1,5905.1
0.9,aria,40000,95,100,4000,12,12,8398.2,8398.2
0.0,aria,40000,95,100,5000,12,12,54170.6,54170.6
0.1,aria,40000,95,100,5000,12,12,47395.6,47395.6
0.2,aria,40000,95,100,5000,12,12,45992.6,45992.6
0.3,aria,40000,95,100,5000,12,12,42677.7,42677.7
0.4,aria,40000,95,100,5000,12,12,37082.3,37082.3
0.5,aria,40000,95,100,5000,12,12,29147.2,29147.2
0.6,aria,40000,95,100,5000,12,12,21903,21903
0.7,aria,40000,95,100,5000,12,12,15871.7,15871.7
0.8,aria,40000,95,100,5000,12,12,11063.5,11063.5
0.99,aria,40000,95,100,5000,12,12,5283,5283
0.9,aria,40000,95,100,5000,12,12,7472.2,7472.2
0.0,aria,40000,95,100,6000,12,12,46458.1,46458.1
0.1,aria,40000,95,100,6000,12,12,40884.6,40884.6
0.2,aria,40000,95,100,6000,12,12,39541.3,39541.3
0.3,aria,40000,95,100,6000,12,12,36600.9,36600.9
0.4,aria,40000,95,100,6000,12,12,31794.2,31794.2
0.5,aria,40000,95,100,6000,12,12,25335.7,25335.7
0.6,aria,40000,95,100,6000,12,12,19080.6,19080.6
0.7,aria,40000,95,100,6000,12,12,13971.5,13971.5
0.8,aria,40000,95,100,6000,12,12,9945.5,9945.5
0.99,aria,40000,95,100,6000,12,12,4925.4,4925.4
0.9,aria,40000,95,100,6000,12,12,6833.5,6833.5
0.0,aria,40000,95,100,7000,12,12,40775.4,40775.4
0.1,aria,40000,95,100,7000,12,12,35843.5,35843.5
0.2,aria,40000,95,100,7000,12,12,34744.3,34744.3
0.3,aria,40000,95,100,7000,12,12,32055.5,32055.5
0.4,aria,40000,95,100,7000,12,12,27933.4,27933.4
0.5,aria,40000,95,100,7000,12,12,22241.1,22241.1
0.6,aria,40000,95,100,7000,12,12,16910.2,16910.2
0.7,aria,40000,95,100,7000,12,12,12543.4,12543.4
0.8,aria,40000,95,100,7000,12,12,8936.5,8936.5
0.99,aria,40000,95,100,7000,12,12,4630.5,4630.5
0.9,aria,40000,95,100,7000,12,12,6287.8,6287.8
0.0,aria,40000,95,100,8000,12,12,36457,36457
0.1,aria,40000,95,100,8000,12,12,31853.2,31853.2
0.2,aria,40000,95,100,8000,12,12,30770.4,30770.4
0.3,aria,40000,95,100,8000,12,12,28631.2,28631.2
0.4,aria,40000,95,100,8000,12,12,24907.5,24907.5
0.5,aria,40000,95,100,8000,12,12,19865.6,19865.6
0.6,aria,40000,95,100,8000,12,12,15138.9,15138.9
0.7,aria,40000,95,100,8000,12,12,11422.1,11422.1
0.8,aria,40000,95,100,8000,12,12,8244,8244
0.99,aria,40000,95,100,8000,12,12,4390.8,4390.8
0.9,aria,40000,95,100,8000,12,12,5852.3,5852.3
0.0,aria,40000,95,100,9000,12,12,32728.7,32728.7
0.1,aria,40000,95,100,9000,12,12,28712.3,28712.3
0.2,aria,40000,95,100,9000,12,12,27913,27913
0.3,aria,40000,95,100,9000,12,12,25751.2,25751.2
0.4,aria,40000,95,100,9000,12,12,22515.1,22515.1
0.5,aria,40000,95,100,9000,12,12,18045.6,18045.6
0.6,aria,40000,95,100,9000,12,12,13786.3,13786.3
0.7,aria,40000,95,100,9000,12,12,10436.9,10436.9
0.8,aria,40000,95,100,9000,12,12,7626.9,7626.9
0.99,aria,40000,95,100,9000,12,12,4161.2,4161.2
0.9,aria,40000,95,100,9000,12,12,5520.6,5520.6
